username,email,password
raj,raj@gmail.com,raj
user2,user2@gmail.com,user2
user3,user3@gmail.com,user3
user4,user4@gmail.com,user4
user5,user5@gmail.com,user5
user6,user6@gmail.com,user6
user7,user7@gmail.com,user7
user8,user8@gmail.com,user8
user9,user9@gmail.com,user9
user10,user10@gmail.com,user10
user11,user11@gmail.com,user11
user12,user12@gmail.com,user12
user13,user13@gmail.com,user13
user14,user14@gmail.com,user14
user15,user15@gmail.com,user15
user16,user16@gmail.com,user16
user17,user17@gmail.com,user17
user18,user18@gmail.com,user18
user19,user19@gmail.com,user19
user20,user20@gmail.com,user20
user21,user21@gmail.com,user21
user22,user22@gmail.com,user22
user23,user23@gmail.com,user23
user24,user24@gmail.com,user24
user25,user25@gmail.com,user25
user26,user26@gmail.com,user26
user27,user27@gmail.com,user27
user28,user28@gmail.com,user28
user29,user29@gmail.com,user29
user30,user30@gmail.com,user30
